<?xml version="1.0"?>
<ORDERS>
<ITEMS>
<ORDERID>136</ORDERID>
<CUSTOMER>Joe</CUSTOMER>
<PRODUCT>Ferrari</PRODUCT>
<QUANTITY>1</QUANTITY>
<COLOR>Yellow</COLOR>
</ITEMS>
<ITEMS>
<ORDERID>217</ORDERID>
<CUSTOMER>Bruno</CUSTOMER>
<PRODUCT>Mercedes</PRODUCT>
<QUANTITY>1</QUANTITY>
<COLOR>Blue</COLOR>
</ITEMS>
<ITEMS>
<ORDERID>255</ORDERID>
<CUSTOMER>Danny</CUSTOMER>
<PRODUCT>Porsche</PRODUCT>
<QUANTITY>1</QUANTITY>
<COLOR>Red</COLOR>
</ITEMS>
<ITEMS>
<ORDERID>17</ORDERID>
<CUSTOMER>Chuck</CUSTOMER>
<PRODUCT>Corvette</PRODUCT>
<QUANTITY>1</QUANTITY>
<COLOR>White</COLOR>
</ITEMS>
</ORDERS>
